Categoria;Palabra
Comedia;cómico
Comedia;cómica
Comedia;cómicos
Comedia;cómicas
Comedia;risa
Comedia;risas
Comedia;comedia
Comedia;comedias
Comedia;humor
Comedia;peculiar
Comedia;peculiares
Comedia;surrealista
Comedia;surrealistas
Comedia;extravagante
Comedia;extravagantes
Comedia;chiste
Comedia;chistes
Comedia;gracioso
Comedia;graciosa
Comedia;graciosos
Comedia;graciosas
Comedia;divertido
Comedia;divertida
Misterio;intriga
Misterio;intrigas
Misterio;misterio
Misterio;misterioso
Misterio;misteriosa
Misterio;misteriosos
Misterio;misteriosas
Misterio;asesinato
Misterio;asesinatos
Misterio;asesino
Misterio;cadáver
Misterio;muerte
Misterio;muertes
Misterio;muerto
Misterio;muerta
Misterio;muere
Misterio;matar
Misterio;malvado
Misterio;malvada
Misterio;malvados
Misterio;malvadas
Misterio;desaparición
Misterio;crimen
Misterio;crímenes
Misterio;caso
Misterio;casos
Misterio;detective
Misterio;sospechoso
Misterio;investigación
Misterio;investigaciones
Misterio;suspense
Infantil;niño
Infantil;niña
Infantil;niños
Infantil;niñas
Infantil;infantil
Infantil;infantiles
Infantil;divertido
Infantil;divertida
Infantil;aventura
Infantil;aventuras
Infantil;dibujo
Infantil;dibujos
Infantil;animado
Infantil;animada
Infantil;animados
Infantil;animadas
Infantil;animación
Infantil;infancia
Infantil;gracioso
Infantil;graciosa
Infantil;graciosos
Infantil;graciosas
Infantil;héroe
Romantica;amor
Romantica;amoroso
Romantica;amorosa
Romantica;amorosos
Romantica;amorosas
Romantica;desamor
Romantica;beso
Romantica;besos
Romantica;besar
Romantica;boda
Romantica;enamorado
Romantica;enamorada
Romantica;enamorados
Romantica;enamoradas
Romantica;romántico
Romantica;romántica
Romantica;romance
Romantica;relación
Romantica;pareja
Romantica;novio
Romantica;novia
Romantica;gay
Romantica;apasionante
Romantica;pasión
CienciaFiccion;ciencia
CienciaFiccion;ficción
CienciaFiccion;ficciones
CienciaFiccion;fantasía
CienciaFiccion;fantástico
CienciaFiccion;fantástica
CienciaFiccion;fantásticos
CienciaFiccion;fantásticos
CienciaFiccion;increíble
CienciaFiccion;increíbles
CienciaFiccion;fenómeno
CienciaFiccion;fenómenos
CienciaFiccion;poder
CienciaFiccion;poderes
CienciaFiccion;sobrenatural
CienciaFiccion;sobrenaturales
CienciaFiccion;extraño
CienciaFiccion;extraña
CienciaFiccion;extraños
CienciaFiccion;extrañas
CienciaFiccion;irreal
CienciaFiccion;irreales
CienciaFiccion;extraterrestre
CienciaFiccion;extraterrestres
CienciaFiccion;sorprendente
CienciaFiccion;sorprendentes
CienciaFiccion;ciencia
CienciaFiccion;científico
CienciaFiccion;científica
CienciaFiccion;científicos
CienciaFiccion;científicas
Romantica;ñoña
Comedia;risueños
CienciaFiccion;extraterrestre
